StartDate,EndDate,Status,IPAddress,Progress,Duration (in seconds),Finished,RecordedDate,ResponseId,RecipientLastName,RecipientFirstName,RecipientEmail,ExternalReference,LocationLatitude,LocationLongitude,DistributionChannel,UserLanguage,Q4,Q15,Q11,Q12,Q13,Q17,Q14,Q25_First Click,Q25_Last Click,Q25_Page Submit,Q25_Click Count,Q26_1,Q27_1,Q28_1,Q29,Q30,Q31,Q32,Q33,Q34_First Click,Q34_Last Click,Q34_Page Submit,Q34_Click Count,Q35_1,Q36_1,Q37_1,Q38,Q39,Q40,Q41,Q42,Q43_First Click,Q43_Last Click,Q43_Page Submit,Q43_Click Count,Q44_1,Q45_1,Q46_1,Q47,Q48,Q49,Q50,Q51,Q52_First Click,Q52_Last Click,Q52_Page Submit,Q52_Click Count,Q53_1,Q54_1,Q55_1,Q56,Q57,Q58,Q59,Q60,Q61_First Click,Q61_Last Click,Q61_Page Submit,Q61_Click Count,Q62_1,Q63_1,Q64_1,Q65,Q66,Q67,Q68,Q69,Q160_First Click,Q160_Last Click,Q160_Page Submit,Q160_Click Count,Q161_1,Q162_1,Q163_1,Q164,Q165,Q166,Q167,Q168,Q169_First Click,Q169_Last Click,Q169_Page Submit,Q169_Click Count,Q170_1,Q171_1,Q172_1,Q173,Q174,Q175,Q176,Q177,Q178_First Click,Q178_Last Click,Q178_Page Submit,Q178_Click Count,Q179_1,Q180_1,Q181_1,Q182,Q183,Q184,Q185,Q186,Q187_First Click,Q187_Last Click,Q187_Page Submit,Q187_Click Count,Q188_1,Q189_1,Q190_1,Q191,Q192,Q193,Q194,Q195,Q196_First Click,Q196_Last Click,Q196_Page Submit,Q196_Click Count,Q197_1,Q198_1,Q199_1,Q200,Q201,Q202,Q203,Q204,Q295_First Click,Q295_Last Click,Q295_Page Submit,Q295_Click Count,Q296_1,Q297_1,Q298_1,Q299,Q300,Q301,Q302,Q303,Q304_First Click,Q304_Last Click,Q304_Page Submit,Q304_Click Count,Q305_1,Q306_1,Q307_1,Q308,Q309,Q310,Q311,Q312,Q313_First Click,Q313_Last Click,Q313_Page Submit,Q313_Click Count,Q314_1,Q315_1,Q316_1,Q317,Q318,Q319,Q320,Q321,Q322_First Click,Q322_Last Click,Q322_Page Submit,Q322_Click Count,Q323_1,Q324_1,Q325_1,Q326,Q327,Q328,Q329,Q330,Q331_First Click,Q331_Last Click,Q331_Page Submit,Q331_Click Count,Q332_1,Q333_1,Q334_1,Q335,Q336,Q337,Q338,Q339,Q70_First Click,Q70_Last Click,Q70_Page Submit,Q70_Click Count,Q71_1,Q72_1,Q73_1,Q74,Q75,Q76,Q77,Q78,Q79_First Click,Q79_Last Click,Q79_Page Submit,Q79_Click Count,Q80_1,Q81_1,Q82_1,Q83,Q84,Q85,Q86,Q87,Q88_First Click,Q88_Last Click,Q88_Page Submit,Q88_Click Count,Q89_1,Q90_1,Q91_1,Q92,Q93,Q94,Q95,Q96,Q97_First Click,Q97_Last Click,Q97_Page Submit,Q97_Click Count,Q98_1,Q99_1,Q100_1,Q101,Q102,Q103,Q104,Q105,Q106_First Click,Q106_Last Click,Q106_Page Submit,Q106_Click Count,Q107_1,Q108_1,Q109_1,Q110,Q111,Q112,Q113,Q114,Q205_First Click,Q205_Last Click,Q205_Page Submit,Q205_Click Count,Q206_1,Q207_1,Q208_1,Q209,Q210,Q211,Q212,Q213,Q214_First Click,Q214_Last Click,Q214_Page Submit,Q214_Click Count,Q215_1,Q216_1,Q217_1,Q218,Q219,Q220,Q221,Q222,Q223_First Click,Q223_Last Click,Q223_Page Submit,Q223_Click Count,Q224_1,Q225_1,Q226_1,Q227,Q228,Q229,Q230,Q231,Q232_First Click,Q232_Last Click,Q232_Page Submit,Q232_Click Count,Q233_1,Q234_1,Q235_1,Q236,Q237,Q238,Q239,Q240,Q241_First Click,Q241_Last Click,Q241_Page Submit,Q241_Click Count,Q242_1,Q243_1,Q244_1,Q245,Q246,Q247,Q248,Q249,Q340_First Click,Q340_Last Click,Q340_Page Submit,Q340_Click Count,Q341_1,Q342_1,Q343_1,Q344,Q345,Q346,Q347,Q348,Q349_First Click,Q349_Last Click,Q349_Page Submit,Q349_Click Count,Q350_1,Q351_1,Q352_1,Q353,Q354,Q355,Q356,Q357,Q358_First Click,Q358_Last Click,Q358_Page Submit,Q358_Click Count,Q359_1,Q360_1,Q361_1,Q362,Q363,Q364,Q365,Q366,Q367_First Click,Q367_Last Click,Q367_Page Submit,Q367_Click Count,Q368_1,Q369_1,Q370_1,Q371,Q372,Q373,Q374,Q375,Q376_First Click,Q376_Last Click,Q376_Page Submit,Q376_Click Count,Q377_1,Q378_1,Q379_1,Q380,Q381,Q382,Q383,Q384,Q115_First Click,Q115_Last Click,Q115_Page Submit,Q115_Click Count,Q116_1,Q117_1,Q118_1,Q119,Q120,Q121,Q122,Q123,Q124_First Click,Q124_Last Click,Q124_Page Submit,Q124_Click Count,Q125_1,Q126_1,Q127_1,Q128,Q129,Q130,Q131,Q132,Q133_First Click,Q133_Last Click,Q133_Page Submit,Q133_Click Count,Q134_1,Q135_1,Q136_1,Q137,Q138,Q139,Q140,Q141,Q142_First Click,Q142_Last Click,Q142_Page Submit,Q142_Click Count,Q143_1,Q144_1,Q145_1,Q146,Q147,Q148,Q149,Q150,Q151_First Click,Q151_Last Click,Q151_Page Submit,Q151_Click Count,Q152_1,Q153_1,Q154_1,Q155,Q156,Q157,Q158,Q159,Q250_First Click,Q250_Last Click,Q250_Page Submit,Q250_Click Count,Q251_1,Q252_1,Q253_1,Q254,Q255,Q256,Q257,Q258,Q259_First Click,Q259_Last Click,Q259_Page Submit,Q259_Click Count,Q260_1,Q261_1,Q262_1,Q263,Q264,Q265,Q266,Q267,Q268_First Click,Q268_Last Click,Q268_Page Submit,Q268_Click Count,Q269_1,Q270_1,Q271_1,Q272,Q273,Q274,Q275,Q276,Q277_First Click,Q277_Last Click,Q277_Page Submit,Q277_Click Count,Q278_1,Q279_1,Q280_1,Q281,Q282,Q283,Q284,Q285,Q286_First Click,Q286_Last Click,Q286_Page Submit,Q286_Click Count,Q287_1,Q288_1,Q289_1,Q290,Q291,Q292,Q293,Q294,Q385_First Click,Q385_Last Click,Q385_Page Submit,Q385_Click Count,Q386_1,Q387_1,Q388_1,Q389,Q390,Q391,Q392,Q393,Q394_First Click,Q394_Last Click,Q394_Page Submit,Q394_Click Count,Q395_1,Q396_1,Q397_1,Q398,Q399,Q400,Q401,Q402,Q403_First Click,Q403_Last Click,Q403_Page Submit,Q403_Click Count,Q404_1,Q405_1,Q406_1,Q407,Q408,Q409,Q410,Q411,Q412_First Click,Q412_Last Click,Q412_Page Submit,Q412_Click Count,Q413_1,Q414_1,Q415_1,Q416,Q417,Q418,Q419,Q420,Q421_First Click,Q421_Last Click,Q421_Page Submit,Q421_Click Count,Q422_1,Q423_1,Q424_1,Q425,Q426,Q427,Q428,Q429
Start Date,End Date,Response Type,IP Address,Progress,Duration (in seconds),Finished,Recorded Date,Response ID,Recipient Last Name,Recipient First Name,Recipient Email,External Data Reference,Location Latitude,Location Longitude,Distribution Channel,User Language,"INFORMED CONSENT



Name of principal investigator/researcher: Kevin Allain





Title of study: Evaluating Condition Encodings in Time-Space-Attribute Visualization of Moving Entities


Please do not participate in this study if you already completed one with the same name.




Informed Consent:

 I confirm that I have read and understood the participant information for the study described above. I understand what is required of me and what will be done with the information I provide. 
 I understand that my participation is voluntary and that I am free to withdraw without giving a reason without being penalized or disadvantaged. 
 I understand that the survey will be anonymous and once the survey has been completed the data that I have submitted can no longer be withdrawn. 
 I understand that data collected from partially completed surveys will not be retained. 
 I agree to City recording and processing this information about me. I understand that this information will be used only for the purpose(s) explained in the participant information and my consent is conditional on City complying with its duties and obligations under the General Data Protection Regulation (GDPR).","If you have a Prolific ID then please enter it here.



If you don't know what a Prolific ID is, or don't have one then leave this blank and continue.",In which direction does the car move?,When is the heating on?,Which of these times is closest to the time at which the engine temperature reaches its minimum?,Where is the minimum value of the engine temperature reached? (Remember that the blue arrow indicates the beginning of the trajectory and the blue square its end),When is the gps on?,Timing - First Click,Timing - Last Click,Timing - Page Submit,Timing - Click Count,What is the average value of the electricity consumption while the radio is  on? - Average value,What is the average value of the electricity consumption over the whole time displayed? - Average value,For what percentage of the time displayed is the radio is  on? - Percentage,The electricity consumption is on average more stable while the radio is  on than at other times.,Rate your level of confidence in your answer,Rate your level of confidence in your answer,Rate your level of confidence in your answer,Rate your level of confidence in your answer,Timing - First Click,Timing - Last Click,Timing - Page Submit,Timing - Click Count,What is the average value of the suspension force while the heating is  on? - Average value,What is the average value of the suspension force over the whole time displayed? - Average value,For what percentage of the time displayed is the heating is  on? - Percentage,The suspension force is on average more stable while the heating is  on than at other times.,Rate your level of confidence in your answer,Rate your level of confidence in your answer,Rate your level of confidence in your answer,Rate your level of confidence in your answer,Timing - First Click,Timing - Last Click,Timing - Page Submit,Timing - Click Count,What is the average value of the engine temperature while the wiper is  on? - Average value,What is the average value of the engine temperature over the whole time displayed? - Average value,For what percentage of the time displayed is the wiper is  on? - Percentage,The engine temperature is on average more stable while the wiper is  on than at other times.,Rate your level of confidence in your answer,Rate your level of confidence in your answer,Rate your level of confidence in your answer,Rate your level of confidence in your answer,Timing - First Click,Timing - Last Click,Timing - Page Submit,Timing - Click Count,What is the average value of the suspension force while the heating is  on? - Average value,What is the average value of the suspension force over the whole time displayed? - Average value,For what percentage of the time displayed is the heating is  on? - Percentage,The suspension force is on average more stable while the heating is  on than at other times.,Rate your level of confidence in your answer,Rate your level of confidence in your answer,Rate your level of confidence in your answer,Rate your level of confidence in your answer,Timing - First Click,Timing - Last Click,Timing - Page Submit,Timing - Click Count,What is the average value of the engine temperature while the wiper is  on? - Average value,What is the average value of the engine temperature over the whole time displayed? - Average value,For what percentage of the time displayed is the wiper is  on? - Percentage,The engine temperature is on average more stable while the wiper is  on than at other times.,Rate your level of confidence in your answer,Rate your level of confidence in your answer,Rate your level of confidence in your answer,Rate your level of confidence in your answer,Timing - First Click,Timing - Last Click,Timing - Page Submit,Timing - Click Count,What is the average value of the engine temperature while the fuel consumption is greater than 44? - Average value,What is the average value of the engine temperature over the whole time displayed? - Average value,For what percentage of the time displayed is the fuel consumption is greater than 44? - Percentage,The engine temperature is on average more stable while the fuel consumption is greater than 44 than at other times.,Rate your level of confidence in your answer,Rate your level of confidence in your answer,Rate your level of confidence in your answer,Rate your level of confidence in your answer,Timing - First Click,Timing - Last Click,Timing - Page Submit,Timing - Click Count,What is the average value of the electricity consumption while the wiper is  on? - Average value,What is the average value of the electricity consumption over the whole time displayed? - Average value,For what percentage of the time displayed is the wiper is  on? - Percentage,The electricity consumption is on average more stable while the wiper is  on than at other times.,Rate your level of confidence in your answer,Rate your level of confidence in your answer,Rate your level of confidence in your answer,Rate your level of confidence in your answer,Timing - First Click,Timing - Last Click,Timing - Page Submit,Timing - Click Count,What is the average value of the suspension force while the Fuel consumption is greater than 41? - Average value,What is the average value of the suspension force over the whole time displayed? - Average value,For what percentage of the time displayed is the Fuel consumption is greater than 41? - Percentage,The suspension force is on average more stable while the Fuel consumption is greater than 41 than at other times.,Rate your level of confidence in your answer,Rate your level of confidence in your answer,Rate your level of confidence in your answer,Rate your level of confidence in your answer,Timing - First Click,Timing - Last Click,Timing - Page Submit,Timing - Click Count,What is the average value of the electricity consumption while the wiper is  on? - Average value,What is the average value of the electricity consumption over the whole time displayed? - Average value,For what percentage of the time displayed is the wiper is  on? - Percentage,The electricity consumption is on average more stable while the wiper is  on than at other times.,Rate your level of confidence in your answer,Rate your level of confidence in your answer,Rate your level of confidence in your answer,Rate your level of confidence in your answer,Timing - First Click,Timing - Last Click,Timing - Page Submit,Timing - Click Count,What is the average value of the suspension force while the wiper is  on? - Average value,What is the average value of the suspension force over the whole time displayed? - Average value,For what percentage of the time displayed is the wiper is  on? - Percentage,The suspension force is on average more stable while the wiper is  on than at other times.,Rate your level of confidence in your answer,Rate your level of confidence in your answer,Rate your level of confidence in your answer,Rate your level of confidence in your answer,Timing - First Click,Timing - Last Click,Timing - Page Submit,Timing - Click Count,What is the average value of the suspension force while the wiper is  on? - Average value,What is the average value of the suspension force over the whole time displayed? - Average value,For what percentage of the time displayed is the wiper is  on? - Percentage,The suspension force is on average more stable while the wiper is  on than at other times.,Rate your level of confidence in your answer,Rate your level of confidence in your answer,Rate your level of confidence in your answer,Rate your level of confidence in your answer,Timing - First Click,Timing - Last Click,Timing - Page Submit,Timing - Click Count,What is the average value of the electricity consumption while the heating is  on? - Average value,What is the average value of the electricity consumption over the whole time displayed? - Average value,For what percentage of the time displayed is the heating is  on? - Percentage,The electricity consumption is on average more stable while the heating is  on than at other times.,Rate your level of confidence in your answer,Rate your level of confidence in your answer,Rate your level of confidence in your answer,Rate your level of confidence in your answer,Timing - First Click,Timing - Last Click,Timing - Page Submit,Timing - Click Count,What is the average value of the electricity consumption while the wiper is  on? - Average value,What is the average value of the electricity consumption over the whole time displayed? - Average value,For what percentage of the time displayed is the wiper is  on? - Percentage,The electricity consumption is on average more stable while the wiper is  on than at other times.,Rate your level of confidence in your answer,Rate your level of confidence in your answer,Rate your level of confidence in your answer,Rate your level of confidence in your answer,Timing - First Click,Timing - Last Click,Timing - Page Submit,Timing - Click Count,What is the average value of the electricity consumption while the car is on a paved road? - Average value,What is the average value of the electricity consumption over the whole time displayed? - Average value,For what percentage of the time displayed is the car is on a paved road? - Percentage,The electricity consumption is on average more stable while the car is on a paved road than at other times.,Rate your level of confidence in your answer,Rate your level of confidence in your answer,Rate your level of confidence in your answer,Rate your level of confidence in your answer,Timing - First Click,Timing - Last Click,Timing - Page Submit,Timing - Click Count,What is the average value of the electricity consumption while the wiper is  on? - Average value,What is the average value of the electricity consumption over the whole time displayed? - Average value,For what percentage of the time displayed is the wiper is  on? - Percentage,The electricity consumption is on average more stable while the wiper is  on than at other times.,Rate your level of confidence in your answer,Rate your level of confidence in your answer,Rate your level of confidence in your answer,Rate your level of confidence in your answer,Timing - First Click,Timing - Last Click,Timing - Page Submit,Timing - Click Count,For how long are both the gps  on and the heating  on? - Time,For how long is the gps  on? - Time,For what percentage of the time displayed is the heating  on? - Percentage,The gps switches less frequently while the heating is  on than at other times.,Rate your level of confidence in your answer,Rate your level of confidence in your answer,Rate your level of confidence in your answer,Rate your level of confidence in your answer,Timing - First Click,Timing - Last Click,Timing - Page Submit,Timing - Click Count,For how long are both the wiper  on and the Suspension force greater than 34? - Time,For how long is the wiper  on? - Time,For what percentage of the time displayed is the Suspension force greater than 34? - Percentage,The wiper switches less frequently while the Suspension force is greater than 34 than at other times.,Rate your level of confidence in your answer,Rate your level of confidence in your answer,Rate your level of confidence in your answer,Rate your level of confidence in your answer,Timing - First Click,Timing - Last Click,Timing - Page Submit,Timing - Click Count,For how long are both the radio  on and the engine temperature greater than 18? - Time,For how long is the radio  on? - Time,For what percentage of the time displayed is the engine temperature greater than 18? - Percentage,The radio switches less frequently while the engine temperature is greater than 18 than at other times.,Rate your level of confidence in your answer,Rate your level of confidence in your answer,Rate your level of confidence in your answer,Rate your level of confidence in your answer,Timing - First Click,Timing - Last Click,Timing - Page Submit,Timing - Click Count,For how long are both the wiper  on and the radio  on? - Time,For how long is the wiper  on? - Time,For what percentage of the time displayed is the radio  on? - Percentage,The wiper switches less frequently while the radio is  on than at other times.,Rate your level of confidence in your answer,Rate your level of confidence in your answer,Rate your level of confidence in your answer,Rate your level of confidence in your answer,Timing - First Click,Timing - Last Click,Timing - Page Submit,Timing - Click Count,For how long are both the radio  on and the car on a paved road? - Time,For how long is the radio  on? - Time,For what percentage of the time displayed is the car on a paved road? - Percentage,The radio switches less frequently while the car is on a paved road than at other times.,Rate your level of confidence in your answer,Rate your level of confidence in your answer,Rate your level of confidence in your answer,Rate your level of confidence in your answer,Timing - First Click,Timing - Last Click,Timing - Page Submit,Timing - Click Count,For how long are both the radio  on and the Suspension force greater than 31? - Time,For how long is the radio  on? - Time,For what percentage of the time displayed is the Suspension force greater than 31? - Percentage,The radio switches less frequently while the Suspension force is greater than 31 than at other times.,Rate your level of confidence in your answer,Rate your level of confidence in your answer,Rate your level of confidence in your answer,Rate your level of confidence in your answer,Timing - First Click,Timing - Last Click,Timing - Page Submit,Timing - Click Count,For how long are both the gps  on and the car on a paved road? - Time,For how long is the gps  on? - Time,For what percentage of the time displayed is the car on a paved road? - Percentage,The gps switches less frequently while the car is on a paved road than at other times.,Rate your level of confidence in your answer,Rate your level of confidence in your answer,Rate your level of confidence in your answer,Rate your level of confidence in your answer,Timing - First Click,Timing - Last Click,Timing - Page Submit,Timing - Click Count,For how long are both the wiper  on and the Suspension force greater than 35? - Time,For how long is the wiper  on? - Time,For what percentage of the time displayed is the Suspension force greater than 35? - Percentage,The wiper switches less frequently while the Suspension force is greater than 35 than at other times.,Rate your level of confidence in your answer,Rate your level of confidence in your answer,Rate your level of confidence in your answer,Rate your level of confidence in your answer,Timing - First Click,Timing - Last Click,Timing - Page Submit,Timing - Click Count,For how long are both the gps  on and the wiper  on? - Time,For how long is the gps  on? - Time,For what percentage of the time displayed is the wiper  on? - Percentage,The gps switches less frequently while the wiper is  on than at other times.,Rate your level of confidence in your answer,Rate your level of confidence in your answer,Rate your level of confidence in your answer,Rate your level of confidence in your answer,Timing - First Click,Timing - Last Click,Timing - Page Submit,Timing - Click Count,For how long are both the wiper  on and the heating  on? - Time,For how long is the wiper  on? - Time,For what percentage of the time displayed is the heating  on? - Percentage,The wiper switches less frequently while the heating is  on than at other times.,Rate your level of confidence in your answer,Rate your level of confidence in your answer,Rate your level of confidence in your answer,Rate your level of confidence in your answer,Timing - First Click,Timing - Last Click,Timing - Page Submit,Timing - Click Count,For how long are both the wiper  on and the heating  on? - Time,For how long is the wiper  on? - Time,For what percentage of the time displayed is the heating  on? - Percentage,The wiper switches less frequently while the heating is  on than at other times.,Rate your level of confidence in your answer,Rate your level of confidence in your answer,Rate your level of confidence in your answer,Rate your level of confidence in your answer,Timing - First Click,Timing - Last Click,Timing - Page Submit,Timing - Click Count,For how long are both the radio  on and the wiper  on? - Time,For how long is the radio  on? - Time,For what percentage of the time displayed is the wiper  on? - Percentage,The radio switches less frequently while the wiper is  on than at other times.,Rate your level of confidence in your answer,Rate your level of confidence in your answer,Rate your level of confidence in your answer,Rate your level of confidence in your answer,Timing - First Click,Timing - Last Click,Timing - Page Submit,Timing - Click Count,For how long are both the gps  on and the Suspension force greater than 77? - Time,For how long is the gps  on? - Time,For what percentage of the time displayed is the Suspension force greater than 77? - Percentage,The gps switches less frequently while the Suspension force is greater than 77 than at other times.,Rate your level of confidence in your answer,Rate your level of confidence in your answer,Rate your level of confidence in your answer,Rate your level of confidence in your answer,Timing - First Click,Timing - Last Click,Timing - Page Submit,Timing - Click Count,For how long are both the radio  on and the car on a paved road? - Time,For how long is the radio  on? - Time,For what percentage of the time displayed is the car on a paved road? - Percentage,The radio switches less frequently while the car is on a paved road than at other times.,Rate your level of confidence in your answer,Rate your level of confidence in your answer,Rate your level of confidence in your answer,Rate your level of confidence in your answer,Timing - First Click,Timing - Last Click,Timing - Page Submit,Timing - Click Count,For how long are both the gps  on and the wiper  on? - Time,For how long is the gps  on? - Time,For what percentage of the time displayed is the wiper  on? - Percentage,The gps switches less frequently while the wiper is  on than at other times.,Rate your level of confidence in your answer,Rate your level of confidence in your answer,Rate your level of confidence in your answer,Rate your level of confidence in your answer,Timing - First Click,Timing - Last Click,Timing - Page Submit,Timing - Click Count,What is the average distance between the trajectory and the point of interest while the radio is  on? - Average distance,What is the average distance between the trajectory and the point of interest? - Average distance,For what percentage of the time displayed is the radio is  on? - Percentage,The distance between the trajectory and the point of interest is more stable while the radio is  on than at other times.,Rate your level of confidence in your answer,Rate your level of confidence in your answer,Rate your level of confidence in your answer,Rate your level of confidence in your answer,Timing - First Click,Timing - Last Click,Timing - Page Submit,Timing - Click Count,What is the average distance between the trajectory and the point of interest while the wiper is  on? - Average distance,What is the average distance between the trajectory and the point of interest? - Average distance,For what percentage of the time displayed is the wiper is  on? - Percentage,The distance between the trajectory and the point of interest is more stable while the wiper is  on than at other times.,Rate your level of confidence in your answer,Rate your level of confidence in your answer,Rate your level of confidence in your answer,Rate your level of confidence in your answer,Timing - First Click,Timing - Last Click,Timing - Page Submit,Timing - Click Count,What is the average distance between the trajectory and the point of interest while the car is on a paved road? - Average distance,What is the average distance between the trajectory and the point of interest? - Average distance,For what percentage of the time displayed is the car is on a paved road? - Percentage,The distance between the trajectory and the point of interest is more stable while the car is on a paved road than at other times.,Rate your level of confidence in your answer,Rate your level of confidence in your answer,Rate your level of confidence in your answer,Rate your level of confidence in your answer,Timing - First Click,Timing - Last Click,Timing - Page Submit,Timing - Click Count,What is the average distance between the trajectory and the point of interest while the wiper is  on? - Average distance,What is the average distance between the trajectory and the point of interest? - Average distance,For what percentage of the time displayed is the wiper is  on? - Percentage,The distance between the trajectory and the point of interest is more stable while the wiper is  on than at other times.,Rate your level of confidence in your answer,Rate your level of confidence in your answer,Rate your level of confidence in your answer,Rate your level of confidence in your answer,Timing - First Click,Timing - Last Click,Timing - Page Submit,Timing - Click Count,What is the average distance between the trajectory and the point of interest while the radio is  on? - Average distance,What is the average distance between the trajectory and the point of interest? - Average distance,For what percentage of the time displayed is the radio is  on? - Percentage,The distance between the trajectory and the point of interest is more stable while the radio is  on than at other times.,Rate your level of confidence in your answer,Rate your level of confidence in your answer,Rate your level of confidence in your answer,Rate your level of confidence in your answer,Timing - First Click,Timing - Last Click,Timing - Page Submit,Timing - Click Count,What is the average distance between the trajectory and the point of interest while the Suspension force is greater than 63? - Average distance,What is the average distance between the trajectory and the point of interest? - Average distance,For what percentage of the time displayed is the Suspension force is greater than 63? - Percentage,The distance between the trajectory and the point of interest is more stable while the Suspension force is greater than 63 than at other times.,Rate your level of confidence in your answer,Rate your level of confidence in your answer,Rate your level of confidence in your answer,Rate your level of confidence in your answer,Timing - First Click,Timing - Last Click,Timing - Page Submit,Timing - Click Count,What is the average distance between the trajectory and the point of interest while the Fuel consumption is greater than 52? - Average distance,What is the average distance between the trajectory and the point of interest? - Average distance,For what percentage of the time displayed is the Fuel consumption is greater than 52? - Percentage,The distance between the trajectory and the point of interest is more stable while the Fuel consumption is greater than 52 than at other times.,Rate your level of confidence in your answer,Rate your level of confidence in your answer,Rate your level of confidence in your answer,Rate your level of confidence in your answer,Timing - First Click,Timing - Last Click,Timing - Page Submit,Timing - Click Count,What is the average distance between the trajectory and the point of interest while the heating is  on? - Average distance,What is the average distance between the trajectory and the point of interest? - Average distance,For what percentage of the time displayed is the heating is  on? - Percentage,The distance between the trajectory and the point of interest is more stable while the heating is  on than at other times.,Rate your level of confidence in your answer,Rate your level of confidence in your answer,Rate your level of confidence in your answer,Rate your level of confidence in your answer,Timing - First Click,Timing - Last Click,Timing - Page Submit,Timing - Click Count,What is the average distance between the trajectory and the point of interest while the car is on a paved road? - Average distance,What is the average distance between the trajectory and the point of interest? - Average distance,For what percentage of the time displayed is the car is on a paved road? - Percentage,The distance between the trajectory and the point of interest is more stable while the car is on a paved road than at other times.,Rate your level of confidence in your answer,Rate your level of confidence in your answer,Rate your level of confidence in your answer,Rate your level of confidence in your answer,Timing - First Click,Timing - Last Click,Timing - Page Submit,Timing - Click Count,What is the average distance between the trajectory and the point of interest while the Fuel consumption is greater than 12? - Average distance,What is the average distance between the trajectory and the point of interest? - Average distance,For what percentage of the time displayed is the Fuel consumption is greater than 12? - Percentage,The distance between the trajectory and the point of interest is more stable while the Fuel consumption is greater than 12 than at other times.,Rate your level of confidence in your answer,Rate your level of confidence in your answer,Rate your level of confidence in your answer,Rate your level of confidence in your answer,Timing - First Click,Timing - Last Click,Timing - Page Submit,Timing - Click Count,What is the average distance between the trajectory and the point of interest while the wiper is  on? - Average distance,What is the average distance between the trajectory and the point of interest? - Average distance,For what percentage of the time displayed is the wiper is  on? - Percentage,The distance between the trajectory and the point of interest is more stable while the wiper is  on than at other times.,Rate your level of confidence in your answer,Rate your level of confidence in your answer,Rate your level of confidence in your answer,Rate your level of confidence in your answer,Timing - First Click,Timing - Last Click,Timing - Page Submit,Timing - Click Count,What is the average distance between the trajectory and the point of interest while the wiper is  on? - Average distance,What is the average distance between the trajectory and the point of interest? - Average distance,For what percentage of the time displayed is the wiper is  on? - Percentage,The distance between the trajectory and the point of interest is more stable while the wiper is  on than at other times.,Rate your level of confidence in your answer,Rate your level of confidence in your answer,Rate your level of confidence in your answer,Rate your level of confidence in your answer,Timing - First Click,Timing - Last Click,Timing - Page Submit,Timing - Click Count,What is the average distance between the trajectory and the point of interest while the Fuel consumption is greater than 18? - Average distance,What is the average distance between the trajectory and the point of interest? - Average distance,For what percentage of the time displayed is the Fuel consumption is greater than 18? - Percentage,The distance between the trajectory and the point of interest is more stable while the Fuel consumption is greater than 18 than at other times.,Rate your level of confidence in your answer,Rate your level of confidence in your answer,Rate your level of confidence in your answer,Rate your level of confidence in your answer,Timing - First Click,Timing - Last Click,Timing - Page Submit,Timing - Click Count,What is the average distance between the trajectory and the point of interest while the wiper is  on? - Average distance,What is the average distance between the trajectory and the point of interest? - Average distance,For what percentage of the time displayed is the wiper is  on? - Percentage,The distance between the trajectory and the point of interest is more stable while the wiper is  on than at other times.,Rate your level of confidence in your answer,Rate your level of confidence in your answer,Rate your level of confidence in your answer,Rate your level of confidence in your answer,Timing - First Click,Timing - Last Click,Timing - Page Submit,Timing - Click Count,What is the average distance between the trajectory and the point of interest while the wiper is  on? - Average distance,What is the average distance between the trajectory and the point of interest? - Average distance,For what percentage of the time displayed is the wiper is  on? - Percentage,The distance between the trajectory and the point of interest is more stable while the wiper is  on than at other times.,Rate your level of confidence in your answer,Rate your level of confidence in your answer,Rate your level of confidence in your answer,Rate your level of confidence in your answer
"{""ImportId"":""startDate"",""timeZone"":""America/Denver""}","{""ImportId"":""endDate"",""timeZone"":""America/Denver""}","{""ImportId"":""status""}","{""ImportId"":""ipAddress""}","{""ImportId"":""progress""}","{""ImportId"":""duration""}","{""ImportId"":""finished""}","{""ImportId"":""recordedDate"",""timeZone"":""America/Denver""}","{""ImportId"":""_recordId""}","{""ImportId"":""recipientLastName""}","{""ImportId"":""recipientFirstName""}","{""ImportId"":""recipientEmail""}","{""ImportId"":""externalDataReference""}","{""ImportId"":""locationLatitude""}","{""ImportId"":""locationLongitude""}","{""ImportId"":""distributionChannel""}","{""ImportId"":""userLanguage""}","{""ImportId"":""QID4""}","{""ImportId"":""QID17_TEXT""}","{""ImportId"":""QID11""}","{""ImportId"":""QID12""}","{""ImportId"":""QID13""}","{""ImportId"":""QID22""}","{""ImportId"":""QID14""}","{""ImportId"":""QID25_FIRST_CLICK""}","{""ImportId"":""QID25_LAST_CLICK""}","{""ImportId"":""QID25_PAGE_SUBMIT""}","{""ImportId"":""QID25_CLICK_COUNT""}","{""ImportId"":""QID26_1""}","{""ImportId"":""QID27_1""}","{""ImportId"":""QID28_1""}","{""ImportId"":""QID29""}","{""ImportId"":""QID30""}","{""ImportId"":""QID31""}","{""ImportId"":""QID32""}","{""ImportId"":""QID33""}","{""ImportId"":""QID34_FIRST_CLICK""}","{""ImportId"":""QID34_LAST_CLICK""}","{""ImportId"":""QID34_PAGE_SUBMIT""}","{""ImportId"":""QID34_CLICK_COUNT""}","{""ImportId"":""QID35_1""}","{""ImportId"":""QID36_1""}","{""ImportId"":""QID37_1""}","{""ImportId"":""QID38""}","{""ImportId"":""QID39""}","{""ImportId"":""QID40""}","{""ImportId"":""QID41""}","{""ImportId"":""QID42""}","{""ImportId"":""QID43_FIRST_CLICK""}","{""ImportId"":""QID43_LAST_CLICK""}","{""ImportId"":""QID43_PAGE_SUBMIT""}","{""ImportId"":""QID43_CLICK_COUNT""}","{""ImportId"":""QID44_1""}","{""ImportId"":""QID45_1""}","{""ImportId"":""QID46_1""}","{""ImportId"":""QID47""}","{""ImportId"":""QID48""}","{""ImportId"":""QID49""}","{""ImportId"":""QID50""}","{""ImportId"":""QID51""}","{""ImportId"":""QID52_FIRST_CLICK""}","{""ImportId"":""QID52_LAST_CLICK""}","{""ImportId"":""QID52_PAGE_SUBMIT""}","{""ImportId"":""QID52_CLICK_COUNT""}","{""ImportId"":""QID53_1""}","{""ImportId"":""QID54_1""}","{""ImportId"":""QID55_1""}","{""ImportId"":""QID56""}","{""ImportId"":""QID57""}","{""ImportId"":""QID58""}","{""ImportId"":""QID59""}","{""ImportId"":""QID60""}","{""ImportId"":""QID61_FIRST_CLICK""}","{""ImportId"":""QID61_LAST_CLICK""}","{""ImportId"":""QID61_PAGE_SUBMIT""}","{""ImportId"":""QID61_CLICK_COUNT""}","{""ImportId"":""QID62_1""}","{""ImportId"":""QID63_1""}","{""ImportId"":""QID64_1""}","{""ImportId"":""QID65""}","{""ImportId"":""QID66""}","{""ImportId"":""QID67""}","{""ImportId"":""QID68""}","{""ImportId"":""QID69""}","{""ImportId"":""QID160_FIRST_CLICK""}","{""ImportId"":""QID160_LAST_CLICK""}","{""ImportId"":""QID160_PAGE_SUBMIT""}","{""ImportId"":""QID160_CLICK_COUNT""}","{""ImportId"":""QID161_1""}","{""ImportId"":""QID162_1""}","{""ImportId"":""QID163_1""}","{""ImportId"":""QID164""}","{""ImportId"":""QID165""}","{""ImportId"":""QID166""}","{""ImportId"":""QID167""}","{""ImportId"":""QID168""}","{""ImportId"":""QID169_FIRST_CLICK""}","{""ImportId"":""QID169_LAST_CLICK""}","{""ImportId"":""QID169_PAGE_SUBMIT""}","{""ImportId"":""QID169_CLICK_COUNT""}","{""ImportId"":""QID170_1""}","{""ImportId"":""QID171_1""}","{""ImportId"":""QID172_1""}","{""ImportId"":""QID173""}","{""ImportId"":""QID174""}","{""ImportId"":""QID175""}","{""ImportId"":""QID176""}","{""ImportId"":""QID177""}","{""ImportId"":""QID178_FIRST_CLICK""}","{""ImportId"":""QID178_LAST_CLICK""}","{""ImportId"":""QID178_PAGE_SUBMIT""}","{""ImportId"":""QID178_CLICK_COUNT""}","{""ImportId"":""QID179_1""}","{""ImportId"":""QID180_1""}","{""ImportId"":""QID181_1""}","{""ImportId"":""QID182""}","{""ImportId"":""QID183""}","{""ImportId"":""QID184""}","{""ImportId"":""QID185""}","{""ImportId"":""QID186""}","{""ImportId"":""QID187_FIRST_CLICK""}","{""ImportId"":""QID187_LAST_CLICK""}","{""ImportId"":""QID187_PAGE_SUBMIT""}","{""ImportId"":""QID187_CLICK_COUNT""}","{""ImportId"":""QID188_1""}","{""ImportId"":""QID189_1""}","{""ImportId"":""QID190_1""}","{""ImportId"":""QID191""}","{""ImportId"":""QID192""}","{""ImportId"":""QID193""}","{""ImportId"":""QID194""}","{""ImportId"":""QID195""}","{""ImportId"":""QID196_FIRST_CLICK""}","{""ImportId"":""QID196_LAST_CLICK""}","{""ImportId"":""QID196_PAGE_SUBMIT""}","{""ImportId"":""QID196_CLICK_COUNT""}","{""ImportId"":""QID197_1""}","{""ImportId"":""QID198_1""}","{""ImportId"":""QID199_1""}","{""ImportId"":""QID200""}","{""ImportId"":""QID201""}","{""ImportId"":""QID202""}","{""ImportId"":""QID203""}","{""ImportId"":""QID204""}","{""ImportId"":""QID295_FIRST_CLICK""}","{""ImportId"":""QID295_LAST_CLICK""}","{""ImportId"":""QID295_PAGE_SUBMIT""}","{""ImportId"":""QID295_CLICK_COUNT""}","{""ImportId"":""QID296_1""}","{""ImportId"":""QID297_1""}","{""ImportId"":""QID298_1""}","{""ImportId"":""QID299""}","{""ImportId"":""QID300""}","{""ImportId"":""QID301""}","{""ImportId"":""QID302""}","{""ImportId"":""QID303""}","{""ImportId"":""QID304_FIRST_CLICK""}","{""ImportId"":""QID304_LAST_CLICK""}","{""ImportId"":""QID304_PAGE_SUBMIT""}","{""ImportId"":""QID304_CLICK_COUNT""}","{""ImportId"":""QID305_1""}","{""ImportId"":""QID306_1""}","{""ImportId"":""QID307_1""}","{""ImportId"":""QID308""}","{""ImportId"":""QID309""}","{""ImportId"":""QID310""}","{""ImportId"":""QID311""}","{""ImportId"":""QID312""}","{""ImportId"":""QID313_FIRST_CLICK""}","{""ImportId"":""QID313_LAST_CLICK""}","{""ImportId"":""QID313_PAGE_SUBMIT""}","{""ImportId"":""QID313_CLICK_COUNT""}","{""ImportId"":""QID314_1""}","{""ImportId"":""QID315_1""}","{""ImportId"":""QID316_1""}","{""ImportId"":""QID317""}","{""ImportId"":""QID318""}","{""ImportId"":""QID319""}","{""ImportId"":""QID320""}","{""ImportId"":""QID321""}","{""ImportId"":""QID322_FIRST_CLICK""}","{""ImportId"":""QID322_LAST_CLICK""}","{""ImportId"":""QID322_PAGE_SUBMIT""}","{""ImportId"":""QID322_CLICK_COUNT""}","{""ImportId"":""QID323_1""}","{""ImportId"":""QID324_1""}","{""ImportId"":""QID325_1""}","{""ImportId"":""QID326""}","{""ImportId"":""QID327""}","{""ImportId"":""QID328""}","{""ImportId"":""QID329""}","{""ImportId"":""QID330""}","{""ImportId"":""QID331_FIRST_CLICK""}","{""ImportId"":""QID331_LAST_CLICK""}","{""ImportId"":""QID331_PAGE_SUBMIT""}","{""ImportId"":""QID331_CLICK_COUNT""}","{""ImportId"":""QID332_1""}","{""ImportId"":""QID333_1""}","{""ImportId"":""QID334_1""}","{""ImportId"":""QID335""}","{""ImportId"":""QID336""}","{""ImportId"":""QID337""}","{""ImportId"":""QID338""}","{""ImportId"":""QID339""}","{""ImportId"":""QID70_FIRST_CLICK""}","{""ImportId"":""QID70_LAST_CLICK""}","{""ImportId"":""QID70_PAGE_SUBMIT""}","{""ImportId"":""QID70_CLICK_COUNT""}","{""ImportId"":""QID71_1""}","{""ImportId"":""QID72_1""}","{""ImportId"":""QID73_1""}","{""ImportId"":""QID74""}","{""ImportId"":""QID75""}","{""ImportId"":""QID76""}","{""ImportId"":""QID77""}","{""ImportId"":""QID78""}","{""ImportId"":""QID79_FIRST_CLICK""}","{""ImportId"":""QID79_LAST_CLICK""}","{""ImportId"":""QID79_PAGE_SUBMIT""}","{""ImportId"":""QID79_CLICK_COUNT""}","{""ImportId"":""QID80_1""}","{""ImportId"":""QID81_1""}","{""ImportId"":""QID82_1""}","{""ImportId"":""QID83""}","{""ImportId"":""QID84""}","{""ImportId"":""QID85""}","{""ImportId"":""QID86""}","{""ImportId"":""QID87""}","{""ImportId"":""QID88_FIRST_CLICK""}","{""ImportId"":""QID88_LAST_CLICK""}","{""ImportId"":""QID88_PAGE_SUBMIT""}","{""ImportId"":""QID88_CLICK_COUNT""}","{""ImportId"":""QID89_1""}","{""ImportId"":""QID90_1""}","{""ImportId"":""QID91_1""}","{""ImportId"":""QID92""}","{""ImportId"":""QID93""}","{""ImportId"":""QID94""}","{""ImportId"":""QID95""}","{""ImportId"":""QID96""}","{""ImportId"":""QID97_FIRST_CLICK""}","{""ImportId"":""QID97_LAST_CLICK""}","{""ImportId"":""QID97_PAGE_SUBMIT""}","{""ImportId"":""QID97_CLICK_COUNT""}","{""ImportId"":""QID98_1""}","{""ImportId"":""QID99_1""}","{""ImportId"":""QID100_1""}","{""ImportId"":""QID101""}","{""ImportId"":""QID102""}","{""ImportId"":""QID103""}","{""ImportId"":""QID104""}","{""ImportId"":""QID105""}","{""ImportId"":""QID106_FIRST_CLICK""}","{""ImportId"":""QID106_LAST_CLICK""}","{""ImportId"":""QID106_PAGE_SUBMIT""}","{""ImportId"":""QID106_CLICK_COUNT""}","{""ImportId"":""QID107_1""}","{""ImportId"":""QID108_1""}","{""ImportId"":""QID109_1""}","{""ImportId"":""QID110""}","{""ImportId"":""QID111""}","{""ImportId"":""QID112""}","{""ImportId"":""QID113""}","{""ImportId"":""QID114""}","{""ImportId"":""QID205_FIRST_CLICK""}","{""ImportId"":""QID205_LAST_CLICK""}","{""ImportId"":""QID205_PAGE_SUBMIT""}","{""ImportId"":""QID205_CLICK_COUNT""}","{""ImportId"":""QID206_1""}","{""ImportId"":""QID207_1""}","{""ImportId"":""QID208_1""}","{""ImportId"":""QID209""}","{""ImportId"":""QID210""}","{""ImportId"":""QID211""}","{""ImportId"":""QID212""}","{""ImportId"":""QID213""}","{""ImportId"":""QID214_FIRST_CLICK""}","{""ImportId"":""QID214_LAST_CLICK""}","{""ImportId"":""QID214_PAGE_SUBMIT""}","{""ImportId"":""QID214_CLICK_COUNT""}","{""ImportId"":""QID215_1""}","{""ImportId"":""QID216_1""}","{""ImportId"":""QID217_1""}","{""ImportId"":""QID218""}","{""ImportId"":""QID219""}","{""ImportId"":""QID220""}","{""ImportId"":""QID221""}","{""ImportId"":""QID222""}","{""ImportId"":""QID223_FIRST_CLICK""}","{""ImportId"":""QID223_LAST_CLICK""}","{""ImportId"":""QID223_PAGE_SUBMIT""}","{""ImportId"":""QID223_CLICK_COUNT""}","{""ImportId"":""QID224_1""}","{""ImportId"":""QID225_1""}","{""ImportId"":""QID226_1""}","{""ImportId"":""QID227""}","{""ImportId"":""QID228""}","{""ImportId"":""QID229""}","{""ImportId"":""QID230""}","{""ImportId"":""QID231""}","{""ImportId"":""QID232_FIRST_CLICK""}","{""ImportId"":""QID232_LAST_CLICK""}","{""ImportId"":""QID232_PAGE_SUBMIT""}","{""ImportId"":""QID232_CLICK_COUNT""}","{""ImportId"":""QID233_1""}","{""ImportId"":""QID234_1""}","{""ImportId"":""QID235_1""}","{""ImportId"":""QID236""}","{""ImportId"":""QID237""}","{""ImportId"":""QID238""}","{""ImportId"":""QID239""}","{""ImportId"":""QID240""}","{""ImportId"":""QID241_FIRST_CLICK""}","{""ImportId"":""QID241_LAST_CLICK""}","{""ImportId"":""QID241_PAGE_SUBMIT""}","{""ImportId"":""QID241_CLICK_COUNT""}","{""ImportId"":""QID242_1""}","{""ImportId"":""QID243_1""}","{""ImportId"":""QID244_1""}","{""ImportId"":""QID245""}","{""ImportId"":""QID246""}","{""ImportId"":""QID247""}","{""ImportId"":""QID248""}","{""ImportId"":""QID249""}","{""ImportId"":""QID340_FIRST_CLICK""}","{""ImportId"":""QID340_LAST_CLICK""}","{""ImportId"":""QID340_PAGE_SUBMIT""}","{""ImportId"":""QID340_CLICK_COUNT""}","{""ImportId"":""QID341_1""}","{""ImportId"":""QID342_1""}","{""ImportId"":""QID343_1""}","{""ImportId"":""QID344""}","{""ImportId"":""QID345""}","{""ImportId"":""QID346""}","{""ImportId"":""QID347""}","{""ImportId"":""QID348""}","{""ImportId"":""QID349_FIRST_CLICK""}","{""ImportId"":""QID349_LAST_CLICK""}","{""ImportId"":""QID349_PAGE_SUBMIT""}","{""ImportId"":""QID349_CLICK_COUNT""}","{""ImportId"":""QID350_1""}","{""ImportId"":""QID351_1""}","{""ImportId"":""QID352_1""}","{""ImportId"":""QID353""}","{""ImportId"":""QID354""}","{""ImportId"":""QID355""}","{""ImportId"":""QID356""}","{""ImportId"":""QID357""}","{""ImportId"":""QID358_FIRST_CLICK""}","{""ImportId"":""QID358_LAST_CLICK""}","{""ImportId"":""QID358_PAGE_SUBMIT""}","{""ImportId"":""QID358_CLICK_COUNT""}","{""ImportId"":""QID359_1""}","{""ImportId"":""QID360_1""}","{""ImportId"":""QID361_1""}","{""ImportId"":""QID362""}","{""ImportId"":""QID363""}","{""ImportId"":""QID364""}","{""ImportId"":""QID365""}","{""ImportId"":""QID366""}","{""ImportId"":""QID367_FIRST_CLICK""}","{""ImportId"":""QID367_LAST_CLICK""}","{""ImportId"":""QID367_PAGE_SUBMIT""}","{""ImportId"":""QID367_CLICK_COUNT""}","{""ImportId"":""QID368_1""}","{""ImportId"":""QID369_1""}","{""ImportId"":""QID370_1""}","{""ImportId"":""QID371""}","{""ImportId"":""QID372""}","{""ImportId"":""QID373""}","{""ImportId"":""QID374""}","{""ImportId"":""QID375""}","{""ImportId"":""QID376_FIRST_CLICK""}","{""ImportId"":""QID376_LAST_CLICK""}","{""ImportId"":""QID376_PAGE_SUBMIT""}","{""ImportId"":""QID376_CLICK_COUNT""}","{""ImportId"":""QID377_1""}","{""ImportId"":""QID378_1""}","{""ImportId"":""QID379_1""}","{""ImportId"":""QID380""}","{""ImportId"":""QID381""}","{""ImportId"":""QID382""}","{""ImportId"":""QID383""}","{""ImportId"":""QID384""}","{""ImportId"":""QID115_FIRST_CLICK""}","{""ImportId"":""QID115_LAST_CLICK""}","{""ImportId"":""QID115_PAGE_SUBMIT""}","{""ImportId"":""QID115_CLICK_COUNT""}","{""ImportId"":""QID116_1""}","{""ImportId"":""QID117_1""}","{""ImportId"":""QID118_1""}","{""ImportId"":""QID119""}","{""ImportId"":""QID120""}","{""ImportId"":""QID121""}","{""ImportId"":""QID122""}","{""ImportId"":""QID123""}","{""ImportId"":""QID124_FIRST_CLICK""}","{""ImportId"":""QID124_LAST_CLICK""}","{""ImportId"":""QID124_PAGE_SUBMIT""}","{""ImportId"":""QID124_CLICK_COUNT""}","{""ImportId"":""QID125_1""}","{""ImportId"":""QID126_1""}","{""ImportId"":""QID127_1""}","{""ImportId"":""QID128""}","{""ImportId"":""QID129""}","{""ImportId"":""QID130""}","{""ImportId"":""QID131""}","{""ImportId"":""QID132""}","{""ImportId"":""QID133_FIRST_CLICK""}","{""ImportId"":""QID133_LAST_CLICK""}","{""ImportId"":""QID133_PAGE_SUBMIT""}","{""ImportId"":""QID133_CLICK_COUNT""}","{""ImportId"":""QID134_1""}","{""ImportId"":""QID135_1""}","{""ImportId"":""QID136_1""}","{""ImportId"":""QID137""}","{""ImportId"":""QID138""}","{""ImportId"":""QID139""}","{""ImportId"":""QID140""}","{""ImportId"":""QID141""}","{""ImportId"":""QID142_FIRST_CLICK""}","{""ImportId"":""QID142_LAST_CLICK""}","{""ImportId"":""QID142_PAGE_SUBMIT""}","{""ImportId"":""QID142_CLICK_COUNT""}","{""ImportId"":""QID143_1""}","{""ImportId"":""QID144_1""}","{""ImportId"":""QID145_1""}","{""ImportId"":""QID146""}","{""ImportId"":""QID147""}","{""ImportId"":""QID148""}","{""ImportId"":""QID149""}","{""ImportId"":""QID150""}","{""ImportId"":""QID151_FIRST_CLICK""}","{""ImportId"":""QID151_LAST_CLICK""}","{""ImportId"":""QID151_PAGE_SUBMIT""}","{""ImportId"":""QID151_CLICK_COUNT""}","{""ImportId"":""QID152_1""}","{""ImportId"":""QID153_1""}","{""ImportId"":""QID154_1""}","{""ImportId"":""QID155""}","{""ImportId"":""QID156""}","{""ImportId"":""QID157""}","{""ImportId"":""QID158""}","{""ImportId"":""QID159""}","{""ImportId"":""QID250_FIRST_CLICK""}","{""ImportId"":""QID250_LAST_CLICK""}","{""ImportId"":""QID250_PAGE_SUBMIT""}","{""ImportId"":""QID250_CLICK_COUNT""}","{""ImportId"":""QID251_1""}","{""ImportId"":""QID252_1""}","{""ImportId"":""QID253_1""}","{""ImportId"":""QID254""}","{""ImportId"":""QID255""}","{""ImportId"":""QID256""}","{""ImportId"":""QID257""}","{""ImportId"":""QID258""}","{""ImportId"":""QID259_FIRST_CLICK""}","{""ImportId"":""QID259_LAST_CLICK""}","{""ImportId"":""QID259_PAGE_SUBMIT""}","{""ImportId"":""QID259_CLICK_COUNT""}","{""ImportId"":""QID260_1""}","{""ImportId"":""QID261_1""}","{""ImportId"":""QID262_1""}","{""ImportId"":""QID263""}","{""ImportId"":""QID264""}","{""ImportId"":""QID265""}","{""ImportId"":""QID266""}","{""ImportId"":""QID267""}","{""ImportId"":""QID268_FIRST_CLICK""}","{""ImportId"":""QID268_LAST_CLICK""}","{""ImportId"":""QID268_PAGE_SUBMIT""}","{""ImportId"":""QID268_CLICK_COUNT""}","{""ImportId"":""QID269_1""}","{""ImportId"":""QID270_1""}","{""ImportId"":""QID271_1""}","{""ImportId"":""QID272""}","{""ImportId"":""QID273""}","{""ImportId"":""QID274""}","{""ImportId"":""QID275""}","{""ImportId"":""QID276""}","{""ImportId"":""QID277_FIRST_CLICK""}","{""ImportId"":""QID277_LAST_CLICK""}","{""ImportId"":""QID277_PAGE_SUBMIT""}","{""ImportId"":""QID277_CLICK_COUNT""}","{""ImportId"":""QID278_1""}","{""ImportId"":""QID279_1""}","{""ImportId"":""QID280_1""}","{""ImportId"":""QID281""}","{""ImportId"":""QID282""}","{""ImportId"":""QID283""}","{""ImportId"":""QID284""}","{""ImportId"":""QID285""}","{""ImportId"":""QID286_FIRST_CLICK""}","{""ImportId"":""QID286_LAST_CLICK""}","{""ImportId"":""QID286_PAGE_SUBMIT""}","{""ImportId"":""QID286_CLICK_COUNT""}","{""ImportId"":""QID287_1""}","{""ImportId"":""QID288_1""}","{""ImportId"":""QID289_1""}","{""ImportId"":""QID290""}","{""ImportId"":""QID291""}","{""ImportId"":""QID292""}","{""ImportId"":""QID293""}","{""ImportId"":""QID294""}","{""ImportId"":""QID385_FIRST_CLICK""}","{""ImportId"":""QID385_LAST_CLICK""}","{""ImportId"":""QID385_PAGE_SUBMIT""}","{""ImportId"":""QID385_CLICK_COUNT""}","{""ImportId"":""QID386_1""}","{""ImportId"":""QID387_1""}","{""ImportId"":""QID388_1""}","{""ImportId"":""QID389""}","{""ImportId"":""QID390""}","{""ImportId"":""QID391""}","{""ImportId"":""QID392""}","{""ImportId"":""QID393""}","{""ImportId"":""QID394_FIRST_CLICK""}","{""ImportId"":""QID394_LAST_CLICK""}","{""ImportId"":""QID394_PAGE_SUBMIT""}","{""ImportId"":""QID394_CLICK_COUNT""}","{""ImportId"":""QID395_1""}","{""ImportId"":""QID396_1""}","{""ImportId"":""QID397_1""}","{""ImportId"":""QID398""}","{""ImportId"":""QID399""}","{""ImportId"":""QID400""}","{""ImportId"":""QID401""}","{""ImportId"":""QID402""}","{""ImportId"":""QID403_FIRST_CLICK""}","{""ImportId"":""QID403_LAST_CLICK""}","{""ImportId"":""QID403_PAGE_SUBMIT""}","{""ImportId"":""QID403_CLICK_COUNT""}","{""ImportId"":""QID404_1""}","{""ImportId"":""QID405_1""}","{""ImportId"":""QID406_1""}","{""ImportId"":""QID407""}","{""ImportId"":""QID408""}","{""ImportId"":""QID409""}","{""ImportId"":""QID410""}","{""ImportId"":""QID411""}","{""ImportId"":""QID412_FIRST_CLICK""}","{""ImportId"":""QID412_LAST_CLICK""}","{""ImportId"":""QID412_PAGE_SUBMIT""}","{""ImportId"":""QID412_CLICK_COUNT""}","{""ImportId"":""QID413_1""}","{""ImportId"":""QID414_1""}","{""ImportId"":""QID415_1""}","{""ImportId"":""QID416""}","{""ImportId"":""QID417""}","{""ImportId"":""QID418""}","{""ImportId"":""QID419""}","{""ImportId"":""QID420""}","{""ImportId"":""QID421_FIRST_CLICK""}","{""ImportId"":""QID421_LAST_CLICK""}","{""ImportId"":""QID421_PAGE_SUBMIT""}","{""ImportId"":""QID421_CLICK_COUNT""}","{""ImportId"":""QID422_1""}","{""ImportId"":""QID423_1""}","{""ImportId"":""QID424_1""}","{""ImportId"":""QID425""}","{""ImportId"":""QID426""}","{""ImportId"":""QID427""}","{""ImportId"":""QID428""}","{""ImportId"":""QID429""}"
2021-10-30 19:46:26,2021-10-30 19:58:28,IP Address,172.56.20.127,100,721,True,2021-10-30 19:58:28,R_2PiI6G9H8m74fWJ,,,,,33.6454010009765625,-86.7014007568359375,anonymous,EN,I agree to take part in this study,60ffadb950ed419c7d35d8e4,Down,All the time,Time 15,At the beginning of the trajectory,Always,,,,,,,,,,,,,,,,,,,,,,,,,0.259,78.895,80.947,24,50,49,39,Agree,0,0,0,0,,,,,,,,,,,,,,,,,,,,,,,,,0.748,91.872,93.711,88,53,45,70,Agree,0,0,0,0,,,,,,,,,,,,,,,,,,,,,,,,,,,,,,,,,,,,,,,,,,,,,,,,,,,,,,,,,,,,,,,,,,,,,,,,,,,,,,,,,,,,,,,,,,,,,,,,,0.223,25.826,27.599,27,37,29,55,Agree,0,0,0,0,,,,,,,,,,,,,1.022,44.558,46.2,33,63,42,53,Agree,0,0,0,0,,,,,,,,,,,,,,,,,,,,,,,,,,,,,,,,,,,,,,,,,,,,,,,,,,,,,,,,,,,,,0.649,68.895,86.698,53,38,41,31,Agree,0,0,0,0,,,,,,,,,,,,,,,,,,,,,,,,,2.023,34.325,36.682,36,79,31,45,Agree,0,0,0,0,,,,,,,,,,,,,,,,,,,,,,,,,,,,,,,,,,,,,,,,,,,,,,,,,,,,,,,,,,,,,,,,,,,,,,,,,0.238,27.861,30.156,32,36,23,62,Agree,0,0,0,0,,,,,,,,,,,,,,,,,,,,,,,,,2.457,30.947,32.675,31,54,42,75,Agree,0,0,0,0,,,,,,,,,,,,,,,,,,,,,,,,,,,,,,,,,,,,,,,,,,,,,,,,,0.836,19.722,21.091,27,22,55,27,Agree,0,0,0,0,,,,,,,,,,,,,,,,,,,,,,,,,,,,,,,,,,,,,,,,,,,,,,,,
2021-10-30 19:36:55,2021-10-30 20:01:25,IP Address,86.23.152.210,100,1469,True,2021-10-30 20:01:25,R_Ybk3QCr6jcU2FgZ,,,,,53.729095458984375,-2.6522979736328125,anonymous,EN,I agree to take part in this study,6175f06f5372e7fecbc6100d,Down,From time 10 to 30 and time 60 to 70,Time 30,On the first long straight section,From a little before time 70 up to a little before time 80,,,,,,,,,,,,,2.145,73.501,75.162,19,87,80,81,Neither agree nor disagree,1,1,1,1,,,,,,,,,,,,,,,,,,,,,,,,,,,,,,,,,,,,,,,,,,,,,,,,,57.46,166.833,167.888,21,42,50,75,Neither agree nor disagree,0,1,2,1,,,,,,,,,,,,,,,,,,,,,,,,,,,,,,,,,,,,,,,,,,,,,,,,,12.547,64.62,65.696,15,60,90,40,Neither agree nor disagree,1,1,1,1,,,,,,,,,,,,,,,,,,,,,,,,,,,,,,,,,,,,,,,,,,,,,,,,,,,,,,,,,,,,,13.78,196.745,197.75,20,7,21,25,Disagree,3,3,2,3,,,,,,,,,,,,,,,,,,,,,,,,,,,,,,,,,,,,,5.577,81.037,82.329,15,30,78,25,Neither agree nor disagree,3,5,3,2,,,,,,,,,,,,,,,,,,,,,,,,,,,,,,,,,,,,,,,,,,,,,,,,,,,,,,,,,,,,,18.498,162.015,163.039,19,55,78,60,Disagree,3,5,2,2,,,,,,,,,,,,,,,,,,,,,,,,,,,,,,,,,,,,,,,,,,,,,,,,,,,,,,,,,,,,,56.182,166.079,167.854,18,15,21,80,Agree,3,3,4,3,,,,,,,,,,,,,,,,,,,,,,,,,,,,,,,,,,,,,,,,,,,,,,,,,8.046,106.585,107.54,52,15,16,48,Disagree,1,1,1,1,,,,,,,,,,,,,,,,,,,,,,,,,,,,,,,,,,,,,16.105,60.897,62.298,14,17,24,61,Disagree,1,1,1,3,,,,,,,,,,,,,,,,,,,,,,,,
2021-10-30 19:37:41,2021-10-30 20:15:26,IP Address,67.193.222.6,100,2264,True,2021-10-30 20:15:27,R_dgsC6VHRlqN5IT7,,,,,44.2454071044921875,-76.581298828125,anonymous,EN,I agree to take part in this study,615ba20455da492f6406f36d,Down,From time 10 to 30 and time 60 to 70,Time 30,On the first long straight section,From a little before time 70 up to a little before time 80,,,,,,,,,,,,,,,,,,,,,,,,,,,,,,,,,,,,,,,,,,,,,,,,,78.196,238.343,239.862,11,30,30,50,Disagree,1,2,4,5,,,,,,,,,,,,,,,,,,,,,,,,,89.432,235.939,238.687,8,65,75,17,Agree,3,2,2,4,,,,,,,,,,,,,,,,,,,,,,,,,40.783,158.438,162.824,9,65,80,32,Disagree,0,1,4,4,,,,,,,,,,,,,,,,,,,,,,,,,,,,,,,,,,,,,,,,,,,,,,,,,,,,,,,,,,,,,,,,,,,,,,,,,,,,,,,,,,,,,,,,,,,,,,,,,61.705,135.063,137.182,8,5,12,24,Neither agree nor disagree,4,4,4,4,,,,,,,,,,,,,,,,,,,,,,,,,,,,,,,,,,,,,27.864,138.705,140.051,13,37,78,37,Disagree,4,4,4,4,,,,,,,,,,,,,,,,,,,,,,,,,,,,,,,,,,,,,,,,,,,,,,,,,206.621,377.344,378.805,8,50,62,60,Disagree,3,3,3,4,,,,,,,,,,,,,,,,,,,,,,,,,,,,,,,,,,,,,,,,,,,,,,,,,,,,,,,,,,,,,45.302,156.818,158.702,10,10,15,10,Neither agree nor disagree,0,0,4,3,,,,,,,,,,,,,,,,,,,,,,,,,40.845,161.779,173.011,8,30,40,30,Agree,4,4,4,3,,,,,,,,,,,,,,,,,,,,,,,,,,,,,,,,,,,,,72.094,159.861,163.158,8,10,20,33,Agree,1,0,4,4,,,,,,,,,,,,,,,,,,,,,,,,,,,,,,,,,,,,
2021-10-30 20:22:32,2021-10-30 21:13:07,IP Address,174.2.171.15,100,3035,True,2021-10-30 21:13:08,R_2s5XfXGBNwwCBuC,,,,,52.1569976806640625,-106.5614013671875,anonymous,EN,I agree to take part in this study,6174bb7a72ef56b48db822ed,Down,From time 10 to 30 and time 60 to 70,Time 60,On the first long straight section,From a little before time 70 up to a little before time 80,68.727,278.109,280.499,17,40,45,14,Neither agree nor disagree,5,5,5,5,,,,,,,,,,,,,,,,,,,,,,,,,,,,,,,,,,,,,,,,,,,,,,,,,,,,,,,,,,,,,,,,,,,,,,,,,,,,,,,,,,,,,53.814,201.654,203.08,16,70,60,40,Disagree,5,5,5,5,,,,,,,,,,,,,,,,,,,,,,,,,,,,,,,,,,,,,6.054,327.518,333.072,23,75,60,48,Neither agree nor disagree,5,5,5,5,,,,,,,,,,,,,,,,,,,,,,,,,,,,,,,,,,,,,,,,,,,,,,,,,,,,,,,,,,,,,25.212,102.496,103.462,14,20,23,76,Disagree,5,5,5,5,,,,,,,,,,,,,,,,,,,,,,,,,,,,,,,,,,,,,,,,,,,,,,,,,,,,,,,,,,,,,94.639,196.974,198.559,18,55,25,30,Neither agree nor disagree,5,5,5,5,,,,,,,,,,,,,,,,,,,,,,,,,,,,,,,,,,,,,,,,,,,,,,,,,76.912,171.314,172.616,12,69,78,69,Agree,5,5,5,5,,,,,,,,,,,,,5.93,206.557,209.443,11,94,30,60,Disagree,5,5,5,5,,,,,,,,,,,,,,,,,,,,,,,,,,,,,,,,,,,,,,,,,,,,,,,,,49.395,189.351,196.858,14,20,22,33,Neither agree nor disagree,5,5,5,5,,,,,,,,,,,,,,,,,,,,,,,,,,,,,,,,,,,,,,,,,,,,,,,,,,,,,,,,,,,,,,,,,,,,,,,,,,,,,,,,,,,,,50.396,161.626,162.875,11,20,20,70,Agree,5,5,5,5
2021-10-30 21:17:41,2021-10-30 21:33:57,IP Address,72.140.56.101,100,975,True,2021-10-30 21:33:58,R_1NEbRdXceDYtToE,,,,,43.897796630859375,-79.2617034912109375,anonymous,EN,I agree to take part in this study,60109112b98c813e364bc621,Down,From time 10 to 30 and time 60 to 70,Time 30,On the first long straight section,From a little before time 70 up to a little before time 80,,,,,,,,,,,,,,,,,,,,,,,,,,,,,,,,,,,,,12.446,53.295,54.191,10,81,82,72,Disagree,4,5,4,4,,,,,,,,,,,,,,,,,,,,,,,,,14.524,65.651,66.454,11,63,62,65,Agree,3,4,2,2,,,,,,,,,,,,,,,,,,,,,,,,,,,,,,,,,,,,,,,,,,,,,,,,,,,,,,,,,,,,,,,,,,,,,,,,,48.568,108.691,109.792,9,61,60,74,Disagree,4,4,3,3,,,,,,,,,,,,,,,,,,,,,,,,,,,,,,,,,,,,,,,,,,,,,,,,,,,,,,,,,,,,,11.353,92.277,93.121,12,10,17,30,Agree,4,4,3,5,,,,,,,,,,,,,,,,,,,,,,,,,20.283,87.479,88.18,12,5,18,28,Agree,5,5,3,5,,,,,,,,,,,,,,,,,,,,,,,,,,,,,,,,,,,,,,,,,,,,,,,,,,,,,,,,,,,,,31.67,75.817,76.644,8,41,74,51,Disagree,3,4,4,4,,,,,,,,,,,,,,,,,,,,,,,,,,,,,,,,,,,,,,,,,,,,,,,,,,,,,,,,,,,,,33.828,130.37,131.119,12,30,27,19,Agree,3,2,4,3,16.104,63.4,70.929,11,14,22,31,Agree,4,1,4,3,,,,,,,,,,,,,,,,,,,,,,,,,,,,,,,,,,,,,,,,,,,,,,,,,,,,,,,,,,,,,,,,,,,,,,,,,,,,,,,,,,,,,29.47,77.905,78.879,10,18,52,28,Agree,3,0,3,3,,,,,,,,,,,,
2021-10-30 21:11:36,2021-10-30 21:34:15,IP Address,210.185.104.211,100,1358,True,2021-10-30 21:34:16,R_VJWkXVOSPyQQ317,,,,,-33.8715057373046875,151.200592041015625,anonymous,EN,I agree to take part in this study,611dd91a8baf5517b27215e4,Down,From time 10 to 30 and time 60 to 70,Time 30,On the first long straight section,From a little before time 70 up to a little before time 80,,,,,,,,,,,,,,,,,,,,,,,,,13.823,126.72,127.547,12,29,36,60,Disagree,4,4,4,4,,,,,,,,,,,,,,,,,,,,,,,,,,,,,,,,,,,,,,,,,,,,,,,,,,,,,,,,,,,,,,,,,,,,,,,,,20.585,92.108,93.215,9,71,79,30,Neither agree nor disagree,4,4,4,4,,,,,,,,,,,,,,,,,,,,,,,,,,,,,,,,,,,,,,,,,,,,,,,,,22.84,96.878,97.779,9,70,77,30,Disagree,3,3,4,4,24.713,110.003,110.969,8,17,35,65,Disagree,4,4,4,4,,,,,,,,,,,,,,,,,,,,,,,,,,,,,,,,,,,,,,,,,,,,,,,,,30.413,123.567,124.529,11,10,16,50,Neither agree nor disagree,4,4,4,4,,,,,,,,,,,,,,,,,,,,,,,,,,,,,,,,,,,,,,,,,,,,,,,,,,,,,,,,,,,,,22.5,106.771,108.283,10,52,64,40,Neither agree nor disagree,4,4,4,3,,,,,,,,,,,,,,,,,,,,,,,,,,,,,,,,,,,,,,,,,,,,,,,,,,,,,,,,,,,,,,,,,,,,,,,,,24.219,93.39,94.276,8,15,22,59,Disagree,4,2,4,4,,,,,,,,,,,,,,,,,,,,,,,,,,,,,,,,,,,,,,,,,,,,,,,,,,,,,,,,,,,,,33.495,103.988,105.374,13,15,24,30,Agree,4,3,4,4,,,,,,,,,,,,,,,,,,,,,,,,,,,,,,,,,,,,,,,,,,,,,,,,,29.324,90.777,91.6,11,22,25,45,Neither agree nor disagree,3,2,4,3
2021-10-30 21:19:09,2021-10-30 21:54:47,IP Address,101.100.130.10,100,2138,True,2021-10-30 21:54:48,R_1FJat63OqwLwpQp,,,,,-41.36749267578125,174.715301513671875,anonymous,EN,I agree to take part in this study,61482625eea8ab06bbbfe451,Down,From time 10 to 30 and time 60 to 70,Time 30,On the first long straight section,From a little before time 70 up to a little before time 80,57.247,240.177,241.081,24,49,41,20,Disagree,3,3,3,3,,,,,,,,,,,,,,,,,,,,,,,,,,,,,,,,,,,,,,,,,,,,,,,,,,,,,,,,,,,,,,,,,,,,,,,,,20.917,83.982,85.201,12,70,75,16,Disagree,3,3,3,4,,,,,,,,,,,,,,,,,,,,,,,,,19.565,112.803,113.64,27,71,77,28,Agree,4,4,4,2,,,,,,,,,,,,,,,,,,,,,,,,,,,,,,,,,,,,,,,,,,,,,,,,,77.582,190.529,191.849,12,22,33,72,Disagree,4,4,4,5,,,,,,,,,,,,,,,,,,,,,,,,,,,,,,,,,,,,,,,,,,,,,,,,,56.674,193.29,194.352,20,12,21,28,Agree,4,4,4,4,,,,,,,,,,,,,,,,,,,,,,,,,,,,,,,,,,,,,,,,,,,,,,,,,,,,,,,,,,,,,25.401,90.2,92.593,12,53,75,48,Agree,3,4,3,5,,,,,,,,,,,,,,,,,,,,,,,,,,,,,,,,,,,,,19.711,95.89,97.651,14,59,42,77,Disagree,3,3,4,4,,,,,,,,,,,,,,,,,,,,,,,,,,,,,,,,,,,,,,,,,,,,,,,,,,,,,,,,,,,,,41.873,111.666,113.05,8,10,50,35,Agree,3,2,4,4,,,,,,,,,,,,,,,,,,,,,,,,,,,,,,,,,,,,,,,,,,,,,,,,,37.041,132.28,133.332,25,18,62,35,Agree,4,2,4,4,,,,,,,,,,,,,,,,,,,,,,,,,,,,,,,,,,,,
2021-10-30 21:36:30,2021-10-30 22:00:25,IP Address,1.157.30.70,100,1435,True,2021-10-30 22:00:26,R_1ilLYUuqJsLTO93,,,,,-35.282806396484375,149.1282958984375,anonymous,EN,I agree to take part in this study,5cb9a316531e2200010b7d42,Down,From time 10 to 30 and time 60 to 70,Time 30,On the first long straight section,From a little before time 70 up to a little before time 80,,,,,,,,,,,,,,,,,,,,,,,,,,,,,,,,,,,,,,,,,,,,,,,,,44.562,119.92,120.571,11,30,38,62,Disagree,2,2,3,5,,,,,,,,,,,,,,,,,,,,,,,,,,,,,,,,,,,,,,,,,,,,,,,,,18.585,90.925,92.348,9,75,80,20,Agree,3,3,4,3,,,,,,,,,,,,,23.469,82.664,88.987,11,60,55,30,Agree,4,3,3,4,,,,,,,,,,,,,,,,,,,,,,,,,,,,,,,,,,,,,,,,,,,,,,,,,,,,,,,,,,,,,30.852,106.084,110.488,12,5,15,24,Disagree,4,3,3,5,,,,,,,,,,,,,,,,,,,,,,,,,,,,,,,,,,,,,,,,,,,,,,,,,,,,,,,,,,,,,33.606,91.22,95.614,12,36,78,36,Agree,4,5,4,5,,,,,,,,,,,,,,,,,,,,,,,,,,,,,,,,,,,,,,,,,,,,,,,,,,,,,,,,,,,,,33.572,117.813,135.022,11,67,78,85,Disagree,4,5,4,5,,,,,,,,,,,,,24.575,84.312,90.037,10,20,25,66,Disagree,2,2,3,3,,,,,,,,,,,,,,,,,,,,,,,,,,,,,,,,,,,,,,,,,,,,,,,,,,,,,,,,,,,,,18.313,105.536,106.868,9,20,25,35,Neither agree nor disagree,2,2,3,5,,,,,,,,,,,,,,,,,,,,,,,,,,,,,,,,,,,,,,,,,,,,,,,,,,,,,,,,,,,,,36.733,127.676,128.329,14,21,90,25,Agree,2,1,3,3,,,,,,,,,,,,
2021-10-30 21:18:31,2021-10-30 22:01:45,IP Address,184.145.53.192,100,2594,True,2021-10-30 22:01:46,R_2QswQHcvQgc26fU,,,,,43.7693023681640625,-79.2444000244140625,anonymous,EN,I agree to take part in this study,614e16143f7ba19d39637115,Down,From time 10 to 30 and time 60 to 70,Time 30,At the beginning of the trajectory,From a little before time 70 up to a little before time 80,,,,,,,,,,,,,,,,,,,,,,,,,,,,,,,,,,,,,40.193,143.188,144.634,14,45,55,74,Neither agree nor disagree,2,3,3,3,,,,,,,,,,,,,38.841,210.601,212.08,16,43,50,43,Agree,3,3,3,4,,,,,,,,,,,,,,,,,,,,,,,,,,,,,,,,,,,,,,,,,,,,,,,,,,,,,,,,,,,,,,,,,,,,,,,,,13.062,290.634,292.16,35,20,25,18,Disagree,3,3,2,4,,,,,,,,,,,,,,,,,,,,,,,,,,,,,,,,,,,,,46.358,216.1,218.894,23,78,19,78,Neither agree nor disagree,4,3,3,3,,,,,,,,,,,,,,,,,,,,,,,,,,,,,,,,,,,,,,,,,,,,,,,,,,,,,,,,,,,,,,,,,,,,,,,,,,,,,,,,,,,,,21.497,135.508,136.859,14,11,19,30,Neither agree nor disagree,3,3,3,3,47.544,165.499,166.715,11,11,18,63,Neither agree nor disagree,3,3,3,3,,,,,,,,,,,,,,,,,,,,,,,,,,,,,,,,,,,,,,,,,,,,,,,,,,,,,,,,,,,,,,,,,,,,,,,,,47.063,185.203,186.378,15,8,20,78,Disagree,3,4,4,3,,,,,,,,,,,,,,,,,,,,,,,,,,,,,,,,,,,,,,,,,,,,,,,,,,,,,,,,,,,,,74.243,199.727,203.143,18,10,8,70,Neither agree nor disagree,3,2,2,2,,,,,,,,,,,,,,,,,,,,,,,,,,,,,,,,,,,,,56.537,160.968,163.35,18,53,10,53,Neither agree nor disagree,3,2,3,2,,,,,,,,,,,,,,,,,,,,,,,,
2021-10-30 23:33:07,2021-10-31 00:00:00,IP Address,41.13.68.64,100,1612,True,2021-10-31 00:00:00,R_2s7pct7ZdTcizQV,,,,,-25.7599029541015625,28.260406494140625,anonymous,EN,I agree to take part in this study,6090eceba7ed23bf2003b4fa,Down,From time 10 to 30 and time 60 to 70,Time 60,After the second turn,From a little before time 70 up to a little before time 80,,,,,,,,,,,,,4.669,143.096,144.74,29,70,80,90,Disagree,3,3,4,5,,,,,,,,,,,,,,,,,,,,,,,,,,,,,,,,,,,,,,,,,,,,,,,,,,,,,,,,,,,,,,,,,,,,,,,,,24.975,86.184,87.525,20,65,60,50,Disagree,5,5,5,5,,,,,,,,,,,,,,,,,,,,,,,,,,,,,,,,,,,,,36.792,107.305,108.815,13,75,65,45,Disagree,2,2,4,5,,,,,,,,,,,,,,,,,,,,,,,,,,,,,,,,,,,,,,,,,,,,,,,,,,,,,,,,,,,,,35.245,147.104,148.473,14,36,26,70,Agree,5,5,4,5,,,,,,,,,,,,,,,,,,,,,,,,,44.347,118.832,119.688,20,52,78,40,Disagree,5,5,4,5,,,,,,,,,,,,,,,,,,,,,,,,,,,,,,,,,,,,,,,,,,,,,,,,,,,,,,,,,,,,,6.658,144.127,145.592,18,70,88,80,Disagree,2,5,4,4,,,,,,,,,,,,,,,,,,,,,,,,,,,,,,,,,,,,,,,,,,,,,,,,,,,,,,,,,,,,,,,,,,,,,,,,,28.431,92.789,94.126,17,20,40,25,Neither agree nor disagree,2,3,5,5,,,,,,,,,,,,,,,,,,,,,,,,,,,,,,,,,,,,,,,,,,,,,,,,,7.4,75.271,76.917,23,25,50,45,Neither agree nor disagree,1,2,4,5,20.031,95.143,96.315,17,40,50,70,Disagree,2,3,4,2,,,,,,,,,,,,,,,,,,,,,,,,,,,,,,,,,,,,,,,,,,,,,,,,
2021-10-31 14:11:40,2021-10-31 14:36:30,IP Address,90.242.32.0,100,1490,True,2021-10-31 14:36:31,R_3HIg41HLGwgXxEx,,,,,51.5576934814453125,-1.776702880859375,anonymous,EN,I agree to take part in this study,5d2dbd506258f0000130b971,Down,From time 10 to 30 and time 60 to 70,Time 30,On the first long straight section,From a little before time 70 up to a little before time 80,79.024,162.127,163.053,10,50,45,15,Neither agree nor disagree,2,2,2,1,,,,,,,,,,,,,,,,,,,,,,,,,,,,,,,,,,,,,,,,,,,,,,,,,26.477,107.612,109.386,8,44,31,40,Disagree,2,2,2,3,,,,,,,,,,,,,,,,,,,,,,,,,,,,,,,,,,,,,,,,,,,,,,,,,27.454,93.934,95.568,8,80,75,25,Disagree,3,2,3,3,,,,,,,,,,,,,,,,,,,,,,,,,,,,,,,,,,,,,,,,,,,,,,,,,,,,,,,,,,,,,,,,,,,,,,,,,32.063,100.567,101.709,9,6,16,28,Disagree,3,3,3,3,,,,,,,,,,,,,,,,,,,,,,,,,,,,,,,,,,,,,42.874,145.994,147,10,31,79,31,Disagree,4,4,4,3,,,,,,,,,,,,,,,,,,,,,,,,,,,,,,,,,,,,,,,,,,,,,,,,,32.148,161.603,162.68,10,44,81,73,Agree,2,2,2,2,,,,,,,,,,,,,,,,,,,,,,,,,,,,,,,,,,,,,,,,,,,,,,,,,,,,,,,,,,,,,17.3,103.995,104.919,10,20,79,10,Disagree,0,1,2,1,,,,,,,,,,,,,,,,,,,,,,,,,,,,,,,,,,,,,,,,,,,,,,,,,,,,,,,,,,,,,46.144,94.976,96.161,8,35,70,50,Neither agree nor disagree,2,3,3,2,,,,,,,,,,,,,23.329,130.056,130.923,11,50,80,65,Neither agree nor disagree,2,2,3,1,,,,,,,,,,,,,,,,,,,,,,,,,,,,,,,,,,,,,,,,,,,,,,,,
2021-10-31 14:10:45,2021-10-31 14:39:10,IP Address,92.14.252.52,100,1705,True,2021-10-31 14:39:10,R_3CICmZS9seNxM3a,,,,,54.6580963134765625,-5.9044952392578125,anonymous,EN,I agree to take part in this study,615776777c08445c8ffd8d1b,Down,From time 10 to 30 and time 60 to 70,Time 30,On the first long straight section,From a little before time 70 up to a little before time 80,,,,,,,,,,,,,,,,,,,,,,,,,19.326,133.437,135.223,18,35,40,62,Disagree,3,4,5,4,,,,,,,,,,,,,,,,,,,,,,,,,,,,,,,,,,,,,,,,,,,,,,,,,10.792,93.819,95.697,14,72,79,17,Neither agree nor disagree,3,4,4,2,,,,,,,,,,,,,,,,,,,,,,,,,,,,,,,,,,,,,23.81,86.484,88.246,13,69,60,29,Agree,3,3,4,4,,,,,,,,,,,,,,,,,,,,,,,,,,,,,,,,,,,,,4.799,210.691,213.36,22,22,32,73,Disagree,4,3,4,2,,,,,,,,,,,,,,,,,,,,,,,,,,,,,,,,,,,,,,,,,,,,,,,,,,,,,,,,,,,,,,,,,,,,,,,,,,,,,,,,,,,,,14.686,98.692,100.001,17,36,79,36,Agree,5,5,5,3,,,,,,,,,,,,,,,,,,,,,,,,,,,,,,,,,,,,,,,,,,,,,,,,,7.237,208.324,209.923,17,38,58,59,Agree,3,4,3,2,,,,,,,,,,,,,71.788,250.572,252.092,17,42,75,77,Disagree,1,1,4,2,,,,,,,,,,,,,,,,,,,,,,,,,,,,,,,,,,,,,,,,,,,,,,,,,,,,,,,,,,,,,,,,,,,,,,,,,11.816,105.706,108.367,18,20,58,37,Agree,2,2,4,3,,,,,,,,,,,,,,,,,,,,,,,,,,,,,,,,,,,,,,,,,,,,,,,,,,,,,,,,,,,,,,,,,,,,,,,,,13.531,144.838,146.191,18,32,80,48,Disagree,1,2,4,3
2021-10-31 14:18:05,2021-10-31 14:40:32,IP Address,99.250.15.45,100,1346,True,2021-10-31 14:40:32,R_3kLqLQrODeR2Gnk,,,,,43.4739990234375,-80.5540008544921875,anonymous,EN,I agree to take part in this study,61075428e2a27f4cf8c8fb83,Down,From time 10 to 30 and time 60 to 70,Time 30,On the first long straight section,From a little before time 70 up to a little before time 80,,,,,,,,,,,,,,,,,,,,,,,,,,,,,,,,,,,,,50.138,115.719,116.53,12,80,75,77,Neither agree nor disagree,3,2,4,2,,,,,,,,,,,,,,,,,,,,,,,,,,,,,,,,,,,,,,,,,,,,,,,,,,,,,,,,,,,,,38.816,110.927,111.921,12,68,80,30,Agree,4,3,3,3,,,,,,,,,,,,,,,,,,,,,,,,,,,,,,,,,,,,,,,,,,,,,,,,,34.742,107.887,109.092,17,70,65,26,Disagree,3,2,4,3,,,,,,,,,,,,,11.262,132.517,133.563,15,96,24,75,Disagree,4,3,4,3,,,,,,,,,,,,,,,,,,,,,,,,,,,,,,,,,,,,,,,,,,,,,,,,,,,,,,,,,,,,,23.746,67.147,68.614,11,90,30,95,Neither agree nor disagree,4,4,4,2,,,,,,,,,,,,,,,,,,,,,,,,,,,,,,,,,,,,,,,,,,,,,,,,,,,,,,,,,,,,,,,,,,,,,,,,,14.07,95.428,96.265,14,72,78,68,Disagree,4,4,4,3,,,,,,,,,,,,,,,,,,,,,,,,,,,,,,,,,,,,,,,,,,,,,,,,,34.866,83.049,84.074,10,15,67,13,Disagree,4,1,4,2,,,,,,,,,,,,,27.287,69.436,70.274,8,28,69,38,Neither agree nor disagree,3,3,4,2,,,,,,,,,,,,,,,,,,,,,,,,,,,,,,,,,,,,,,,,,,,,,,,,,,,,,,,,,,,,,,,,,,,,,,,,,36.878,96.176,97.07,10,50,100,30,Agree,4,3,3,3,,,,,,,,,,,,
2021-10-31 14:12:34,2021-10-31 14:42:35,IP Address,73.157.194.146,100,1800,True,2021-10-31 14:42:35,R_3D14PBqsRgF3TnK,,,,,44.9635009765625,-123.0800018310546875,anonymous,EN,I agree to take part in this study,61435c7574b97803fe574723,Down,From time 10 to 30 and time 60 to 70,Time 30,On the first long straight section,From a little before time 70 up to a little before time 80,,,,,,,,,,,,,,,,,,,,,,,,,,,,,,,,,,,,,,,,,,,,,,,,,27.401,160.263,161.137,47,37,40,70,Disagree,3,3,3,5,,,,,,,,,,,,,10.595,98.095,99.211,10,58,63,62,Neither agree nor disagree,3,3,3,3,,,,,,,,,,,,,,,,,,,,,,,,,,,,,,,,,,,,,,,,,,,,,,,,,,,,,,,,,,,,,,,,,,,,,,,,,18.902,139.168,140.209,12,60,62,65,Disagree,3,3,4,2,,,,,,,,,,,,,,,,,,,,,,,,,,,,,,,,,,,,,,,,,,,,,,,,,,,,,,,,,,,,,19.661,99.058,102.646,10,6,15,25,Disagree,4,4,4,2,,,,,,,,,,,,,,,,,,,,,,,,,,,,,,,,,,,,,,,,,,,,,,,,,16.501,72.846,73.964,11,10,21,30,Disagree,4,4,4,3,,,,,,,,,,,,,,,,,,,,,,,,,30.666,133.305,155.282,14,55,78,62,Disagree,3,5,3,5,,,,,,,,,,,,,,,,,,,,,,,,,,,,,,,,,,,,,,,,,,,,,,,,,,,,,,,,,,,,,22.961,113.79,125.519,14,35,32,63,Disagree,3,3,4,4,,,,,,,,,,,,,29.993,101.621,103.015,11,17,40,30,Agree,4,3,4,4,,,,,,,,,,,,,,,,,,,,,,,,,,,,,,,,,,,,,,,,,,,,,,,,,,,,,,,,,,,,,19.868,93.992,99.384,14,20,58,35,Agree,4,3,4,5,,,,,,,,,,,,,,,,,,,,,,,,,,,,,,,,,,,,
2021-10-31 14:53:22,2021-10-31 15:39:23,IP Address,80.195.190.38,100,2761,True,2021-10-31 15:39:24,R_2ClJIQVxZh0dh8h,,,,,53.518096923828125,-1.3227996826171875,anonymous,EN,I agree to take part in this study,5d599edd98cf220016ec562e,Down,From time 10 to 30 and time 60 to 70,Time 60,On the first long straight section,From a little before time 70 up to a little before time 80,40.456,137.912,139.196,10,42,45,78,Disagree,5,4,5,5,,,,,,,,,,,,,,,,,,,,,,,,,,,,,,,,,,,,,,,,,,,,,,,,,,,,,,,,,,,,,,,,,,,,,,,,,131.947,255.41,257.886,11,63,74,18,Disagree,4,5,5,5,,,,,,,,,,,,,,,,,,,,,,,,,,,,,,,,,,,,,,,,,,,,,,,,,48.22,250.642,252.108,13,15,46,31,Agree,5,5,5,5,,,,,,,,,,,,,,,,,,,,,,,,,,,,,,,,,,,,,,,,,,,,,,,,,,,,,,,,,,,,,34.002,191.135,192.678,11,19,21,77,Disagree,5,5,5,5,,,,,,,,,,,,,39.18,232.963,234.422,9,9,16,38,Neither agree nor disagree,5,5,5,4,,,,,,,,,,,,,,,,,,,,,,,,,,,,,,,,,,,,,,,,,,,,,,,,,,,,,,,,,,,,,,,,,,,,,,,,,,,,,,,,,,,,,,,,,,,,,,,,,59.549,163.363,164.486,11,54,79,63,Agree,5,5,5,5,,,,,,,,,,,,,,,,,,,,,,,,,,,,,,,,,,,,,50.984,260.488,261.691,11,38,28,61,Disagree,4,3,5,5,,,,,,,,,,,,,,,,,,,,,,,,,41.247,204.422,205.648,15,18,46,39,Disagree,5,2,5,5,,,,,,,,,,,,,,,,,,,,,,,,,,,,,,,,,,,,,,,,,,,,,,,,,,,,,,,,,,,,,,,,,,,,,,,,,38.139,137.33,138.708,14,18,82,21,Agree,4,5,5,5,,,,,,,,,,,,
2021-10-31 14:27:13,2021-11-01 10:41:16,IP Address,86.28.157.209,100,72843,True,2021-11-01 10:41:17,R_1f1PFynofnTo2r9,,,,,54.96710205078125,-1.7151031494140625,anonymous,EN,I agree to take part in this study,615c849b48713c9f8fbd0e02,Down,From time 10 to 30 and time 60 to 70,Time 60,On the first long straight section,From a little before time 70 up to a little before time 80,,,,,,,,,,,,,4.901,102.427,103.906,27,70,65,80,Neither agree nor disagree,1,1,1,1,,,,,,,,,,,,,,,,,,,,,,,,,,,,,,,,,,,,,,,,,,,,,,,,,,,,,,,,,,,,,,,,,,,,,,,,,3.786,160.382,161.188,27,75,60,50,Neither agree nor disagree,1,1,2,1,,,,,,,,,,,,,,,,,,,,,,,,,6.538,731.62,733.478,31,60,50,30,Agree,1,1,1,1,,,,,,,,,,,,,,,,,,,,,,,,,,,,,,,,,,,,,4.515,168.983,169.79,33,60,23,72,Disagree,1,1,1,1,,,,,,,,,,,,,,,,,,,,,,,,,,,,,,,,,,,,,,,,,,,,,,,,,2.08,131.212,132.297,34,40,18,64,Disagree,1,1,1,1,,,,,,,,,,,,,,,,,,,,,,,,,,,,,,,,,,,,,,,,,,,,,,,,,1.9,86.708,87.6,24,50,25,46,Agree,1,1,1,1,,,,,,,,,,,,,,,,,,,,,,,,,,,,,,,,,,,,,,,,,,,,,,,,,,,,,,,,,,,,,3.079,117.584,118.143,27,30,29,70,Neither agree nor disagree,2,1,2,1,,,,,,,,,,,,,,,,,,,,,,,,,,,,,,,,,,,,,31.825,894.868,895.796,68,24,25,40,Neither agree nor disagree,1,1,1,2,,,,,,,,,,,,,,,,,,,,,,,,,,,,,,,,,,,,,,,,,,,,,,,,,,,,,,,,,,,,,3.234,92.503,93.562,21,35,40,25,Neither agree nor disagree,1,1,1,1,,,,,,,,,,,,,,,,,,,,,,,,,,,,,,,,,,,,
